lwr,upr,dif
-0.340819282,-0.066342583,-0.203580932
-0.404738523,-0.213798726,-0.309268624
-0.278985064,-0.076225264,-0.177605164
-0.289973656,-0.10775962,-0.198866638
